﻿{
	"name": "Model Platformer",
	"version": "1.0",
	"description": "A model platform-style game",
	"id": "com.colestock.game.modelplatformer",
	"viewport-width": 1920,
	"viewport-height": 1080,
	"author": "James Colestock",
	"email": "james@colestock.com",
	"website": "http://www.colestock.com",
	"orientations": "landscape",
	"c2version": "227",
	"used-plugins": [
		"Audio",
		"Keyboard",
		"Mouse",
		"Particles",
		"Sprite",
		"Text",
		"TiledBg",
		"Touch"
	],
	"used-behaviors": [
		"Fade",
		"Platform",
		"Sin",
		"bound",
		"scrollto",
		"solid"
	]
}